{
  "graph_statistics": {
    "total_nodes": 4820,
    "total_edges": 3029,
    "person_nodes": 4467,
    "event_nodes": 353,
    "projection_nodes": 4467,
    "projection_edges": 111861
  },
  "small_world_metrics": {
    "average_shortest_path_length": 0.3150335224254318,
    "clustering_coefficient": 0.015725505167565396,
    "path_statistics": {
      "average_path_length": 0.3150335224254318,
      "clustering_coefficient": 0.015725505167565396,
      "nodes_in_component": 1188,
      "edges_in_component": 111861
    }
  },
  "random_baseline": {
    "average_shortest_path_length": 2.545846394984326,
    "clustering_coefficient": 0.011241689277819659,
    "L_ratio": 0.12374412024468245,
    "C_ratio": 1.3988560597020325,
    "small_world_coefficient_sigma": 11.304424460217085
  },
  "small_world_property": {
    "is_small_world": true,
    "average_path_length": 0.3150335224254318,
    "clustering_coefficient": 0.015725505167565396,
    "interpretation": "Small world property holds (L_actual/L_random ≈ 0.12, C_actual/C_random ≈ 1.40, σ ≈ 11.30)"
  }
}